{"cameraMode":{"drawMode":0,"name":"Shaded","section":"Shading Mode"},"sceneLighting":false,"audioPlay":false,"sceneViewState":{"showFog":true,"showMaterialUpdate":false,"showSkybox":false,"showFlares":true,"showImageEffects":true,"showParticleSystems":true},"in2DMode":false,"pivot":{"x":-1.9624004364013672,"y":-3.880000114440918,"z":2.3925132751464845},"rotation":{"x":-0.10561325401067734,"y":-0.017309309914708139,"z":0.0018502146704122425,"w":-0.994283139705658},"size":4.041658401489258,"orthographic":false}