{"cameraMode":{"drawMode":2,"name":"Shaded Wireframe","section":"Shading Mode"},"sceneLighting":true,"audioPlay":false,"sceneViewState":{"showFog":true,"showMaterialUpdate":false,"showSkybox":true,"showFlares":true,"showImageEffects":false,"showParticleSystems":true},"in2DMode":false,"pivot":{"x":0.7232075929641724,"y":1.3747177124023438,"z":-0.1800696849822998},"rotation":{"x":-0.04810205101966858,"y":0.9398930668830872,"z":-0.3034687638282776,"w":-0.1489795595407486},"size":2.941051959991455,"orthographic":false}