{"cameraMode":{"drawMode":0,"name":"Shaded","section":"Shading Mode"},"sceneLighting":true,"audioPlay":false,"sceneViewState":{"showFog":true,"showMaterialUpdate":false,"showSkybox":true,"showFlares":true,"showImageEffects":true,"showParticleSystems":true},"in2DMode":false,"pivot":{"x":-14.095582962036133,"y":13.241975784301758,"z":-26.39975357055664},"rotation":{"x":0.000295781996101141,"y":0.9805939793586731,"z":-0.19612132012844087,"w":0.0014507723972201348},"size":46.02652359008789,"orthographic":false}