{"cameraMode":{"drawMode":0,"name":"Shaded","section":"Shading Mode"},"sceneLighting":false,"audioPlay":false,"sceneViewState":{"showFog":true,"showMaterialUpdate":false,"showSkybox":false,"showFlares":true,"showImageEffects":true,"showParticleSystems":true},"in2DMode":false,"pivot":{"x":353.9102783203125,"y":415.9170227050781,"z":-139.70184326171876},"rotation":{"x":-0.08327841013669968,"y":-0.023323917761445047,"z":0.0019498240435495973,"w":-0.996253490447998},"size":288.8604736328125,"orthographic":false}